NEE	24
EER	23
EGO	22
EEN	20
ERA	19
ERE	19
URE	19
REE	18
EDE	18
EPE	17
ENE	17
EVA	17
ACE	16
EBO	16
OEI	15
TOE	15
ENT	15
ROE	15
AIR	14
SKI	14
ONE	14
IET	13
SPA	13
AAI	13
AAL	13
NEO	13
ECU	13
AAN	12
EMU	12
NON	12
OMA	12
TRA	12
ARA	12
UIL	11
LOR	11
OHO	11
OEN	11
SOU	11
OUT	11
ION	11
ALE	11
AKS	11
AVE	11
NIJD	10
BOA	10
ODE	10
AIO	10
NEG	10
AHA	10
OME	10
AAR	10
ASO	10
LBO	10
CUE	9
OPA	9
AMA	9
AAM	9
BOE	9
PAD	9
KOE	9
UUR	9
ALP	9
LIJN	9
SLA	9
SOP	8
DUO	8
REN	8
TOR	8
NUT	8
AKI	8
GLO	8
HOE	8
ONS	8
OER	8
RE	7
IEL	7
REU	7
DIE	7
NOR	7
TER	7
ZOO	7
MOE	7
WUI	7
OOK	7
AFT	7
UHD	7
TAB	7
OUD	7
LCD	6
TRI	6
TV	6
BUI	6
OOG	6
NEP	6
IEP	6
VWO	6
LEG	6
IN	6
FEP	6
PEE	6
DAR	6
NAR	6
TAL	6
BTW	6
UIT	6
ELS	6
DRA	6
NOU	6
LA	6
NAT	6
PUI	6
REI	6
EL	6
NUL	6
NES	6
END	6
EIS	6
LAT	6
SAS	6
PIN	6
PPM	6
ERG	6
PLU	6
AAS	6
RUN	6
LUW	5
DOP	5
GUT	5
AAP	5
TIN	5
KON	5
CD	5
TAF	5
LOT	5
GEI	5
ELK	5
PR	5
EED	5
TOT	5
ERF	5
SIM	5
FA	5
TAS	5
PRE	5
PRO	5
PVC	5
NA	5
RUL	5
ENK	5
OR	5
NOL	5
MEE	5
MAK	5
TOD	5
CAO	5
BIE	5
VEE	5
ANK	5
SOL	5
DAG	5
ALT	5
KA	5
ABC	5
SET	5
KOL	5
IE	5
MAT	4
RAI	4
LAB	4
SKA	4
PER	4
MUD	4
MIE	4
NU	4
GOD	4
TIG	4
MUI	4
DVD	4
FTE	4
ARM	4
DAM	4
ULO	4
KUL	4
HAL	4
LUL	4
PO	4
HIV	4
DAL	4
GOK	4
PUB	4
EG	4
SUB	4
ROS	4
KAS	4
LP	4
AD	4
OLM	4
RA	4
IK	4
RUI	4
RAP	4
ROL	4
DOR	4
WIE	4
OEF	4
ETS	4
ES	4
TUK	4
EIK	4
TBC	4
BAT	4
RUG	4
LEI	4
GEL	4
TAP	4
NAP	4
ROT	4
DOG	4
SEC	4
GSM	4
DUT	4
BLO	4
AREA	4
EI	4
ELKE	4
EB	4
EDIK	4
REL	4
HUI	4
SIC	4
BAH	4
ER	4
HIT	4
GIS	3
BIB	3
REM	3
AL	3
NUF	3
BIT	3
MIN	3
KAN	3
EIGEN	3
POP	3
RUM	3
VAL	3
TON	3
TE	3
DE	3
MET	3
IETS	3
LIP	3
JEN	3
KIL	3
MAN	3
GUM	3
DIA	3
POR	3
BIO	3
LOC	3
TUT	3
SA	3
OIR	3
LAF	3
AT	3
BACO	3
USO	3
DUF	3
TIJK	3
GO	3
GEN	3
SIER	3
DOS	3
NEB	3
MENU	3
AAK	3
MES	3
VLA	3
ENG	3
MOF	3
MUL	3
KOR	3
IJK	3
VA	3
VER	3
LAK	3
LEL	3
IDEE	3
APK	3
VET	3
HAM	3
DUN	3
PST	3
AST	3
AKTE	3
PA	3
TAG	3
GE	3
MUG	3
VAN	3
ELF	3
SAK	3
OCH	3
BIC	3
HIEP	3
RADIO	3
AS	3
TEL	3
VEI	3
HAR	3
DOMBO	3
LUI	3
POS	3
BI	3
NAW	3
AF	3
ABT	3
ASEM	3
KIJK	3
CRU	3
ANTI	3
ROK	3
TET	3
KIF	3
KEG	3
EERLIJK	3
HEM	3
FIT	3
VAK	3
RIF	3
BIG	3
IJL	3
KEU	3
JOOD	3
CIS	3
GIG	3
ROB	3
VAT	3
MIJN	3
TUI	3
PET	3
ISME	3
LED	3
MOL	3
SOM	3
WEE	2
GEDUPEERD	2
ISSUE	2
PI	2
LIJP	2
BOT	2
CES	2
SLAB	2
PAT	2
STER	2
MEI	2
ETUI	2
UW	2
SAMEN	2
NOP	2
OV	2
VIT	2
POL	2
OH	2
DODO	2
EVER	2
GOH	2
RUT	2
GAG	2
SAGEN	2
ALK	2
OM	2
LATEN	2
NIS	2
HEI	2
MIJT	2
EMMEREN	2
DOT	2
GAL	2
SALSA	2
DIJK	2
LID	2
ONDERSTEL	2
MAP	2
NADAT	2
DAT	2
FEL	2
MOS	2
WIP	2
FEE	2
ANUS	2
ALLE	2
JEE	2
LOG	2
NEK	2
REDEN	2
AGIO	2
POT	2
EVENBEELD	2
TOEN	2
RAD	2
ECHO	2
KIT	2
ZIJP	2
MOP	2
PAK	2
BAF	2
SPAR	2
HOL	2
DIT	2
SIK	2
DUW	2
LAP	2
LOB	2
HOI	2
YES	2
IKKE	2
WAN	2
ROG	2
WAT	2
GAS	2
LOPEN	2
KITS	2
LEF	2
BAS	2
OF	2
LIJK	2
PIJN	2
DEK	2
PUNT	2
LOL	2
MOTEL	2
HA	2
PAR	2
SOK	2
GOM	2
OPLOSSEN	2
BED	2
DROMMEN	2
SMS	2
JID	2
INCH	2
DJ	2
ALS	2
RIS	2
ETAGE	2
RAIO	2
REEL	2
HO	2
PASS	2
SUF	2
WIJK	2
WAS	2
ONZE	2
HEF	2
SOF	2
SHOT	2
GETIJ	2
ELITE	2
OHM	2
TAM	2
BOB	2
BETE	2
TOK	2
FOND	2
ETEN	2
UWER	2
AI	2
LOSER	2
WAM	2
AR	2
HUIK	2
TAK	2
ALBE	2
RATIO	2
ROOIER	2
DAS	2
UPDATE	2
MAL	2
RIL	2
RAK	2
GELUK	2
HEL	2
TB	2
DEL	2
KAM	2
EEGA	2
WIT	2
STAANDE	2
ZE	2
LAM	2
AH	2
DER	2
STEE	2
SLOK	2
VIA	2
RAAK	2
NOEN	2
NAFT	2
EEND	2
HAD	2
LAG	2
LAS	2
WIJD	2
TEN	2
ROZE	2
KAT	2
GALA	2
LOTA	2
OEPS	2
ETHOS	2
OOR	2
ZEE	2
WAL	2
DEMI	2
TAPS	2
KIN	2
KUS	2
LEZEN	2
KIP	2
MIJ	2
KOT	2
PIK	2
AUTOMAAT	2
ERETITEL	2
KIM	2
DOF	2
CUP	2
LOF	2
NV	2
BEF	2
ALTO	2
DEN	2
HUL	2
LIEFDE	2
CARA	2
LOM	2
IJKEN	2
PEP	2
OEHOE	2
GUL	2
KEMP	2
LUS	2
BEN	2
AMBT	2
RARA	2
SNEB	2
INEEN	2
TERMINAL	2
NEST	2
SI	2
NOK	2
LEDE	2
RIJS	2
OVEN	2
TREIN	2
ONTIJ	2
ALTIJD	2
KEI	2
KOP	2
REGEN	2
WIS	2
SPOOR	2
CHAI	2
HEDEN	2
ITEM	2
RIB	2
DOL	2
JUS	2
AKER	2
BON	2
EEUWIG	2
EMOE	2
BEO	2
LENS	2
TOUR	2
ZOG	1
DRAGON	1
ZULKS	1
WEN	1
LADDER	1
BIS	1
AKKEREN	1
BALLERINA	1
SERIEUS	1
REPORTAGE	1
BES	1
BAN	1
BELEGGEN	1
BOSTEL	1
ROOI	1
CHARTER	1
STADIUM	1
HEROPBOUW	1
OPPOETSEN	1
OVERSPEL	1
TERP	1
TRIVIA	1
PERMANENT	1
UIVER	1
FIER	1
SNIK	1
SAVEN	1
NAREKENEN	1
LINIE	1
BLOEI	1
LUIM	1
SUMO	1
ZIN	1
NOODZAKEN	1
KWESTIE	1
SUIZEN	1
APPELVINK	1
OSSI	1
KWEL	1
OBLIGATIE	1
IA	1
GEPLAATST	1
TIJDSPANNE	1
ONDERGANG	1
EEST	1
SCHAP	1
ONSHORE	1
OPUS	1
DICHT	1
UITKERING	1
TREURSPEL	1
DYNAMIET	1
IEDER	1
SCHA	1
KIR	1
KI	1
RENMINBI	1
TIPI	1
FORFAIT	1
ZES	1
VOLOP	1
STAAT	1
EETKAMER	1
ZIJLIJN	1
VOS	1
ALMA	1
BELLE	1
GETIK	1
TONIJN	1
BIGOT	1
MOHAIR	1
MILD	1
VERREKKEN	1
CODE	1
BEL	1
BRUNETTE	1
LANS	1
RUNNEN	1
ECOCIDE	1
OMZETTER	1
ADULT	1
MEM	1
AFGIETSEL	1
HALLELUJA	1
LENTEPUNT	1
ENTRECOTE	1
TRAMHALTE	1
BRUI	1
GIF	1
WIET	1
GRAAG	1
GOLFLIJN	1
KLARE	1
LAAI	1
ROEDE	1
LEPRA	1
BLOOT	1
DES	1
BEREIDING	1
ANNO	1
HUDO	1
TEKENGELD	1
MANKEMENT	1
HOF	1
SPOEDIG	1
HUB	1
VLOTTER	1
VOETSTAP	1
AANMERKEN	1
HOOFDMENU	1
EXPLOSIEF	1
ARBITRAGE	1
NETTOLOON	1
ACHTERAAN	1
OMEN	1
IMAGO	1
FREON	1
DOM	1
JAM	1
BALLAST	1
JOL	1
MENAGERIE	1
VIS	1
TREKVOGEL	1
TABLET	1
TOCH	1
ESTAFETTE	1
STOK	1
VONNIS	1
AAGT	1
GREPPEL	1
LEGENDE	1
COKE	1
AFSTRALEN	1
TOF	1
DONDERDAG	1
ACUUT	1
STOOF	1
BRAT	1
ROEISPORT	1
SINDS	1
LIESBREUK	1
MALER	1
NETNUMMER	1
BOS	1
BOSSPEL	1
SUMMIER	1
SCHOOT	1
GAT	1
PLOEG	1
STAATSMAN	1
PANDAN	1
MAUSOLEUM	1
MISERIE	1
ETTEREN	1
CENTAUR	1
RATA	1
TEEK	1
HELA	1
SNEDE	1
PAN	1
FRASE	1
SPIE	1
PAF	1
PLUNJE	1
BOTERBERG	1
CURIOSUM	1
BEMESTING	1
TISSUE	1
BAL	1
DWEIL	1
RIVIERBED	1
ZOAB	1
EVANGELIE	1
GETREUZEL	1
KABINET	1
REFREIN	1
FIKKIE	1
INFRA	1
TRICOLORE	1
PEPER	1
KUNDE	1
RISICO	1
INPRENTEN	1
GAREN	1
OPGELEIDE	1
OPRICHTER	1
EINDELOOS	1
FLOS	1
WEI	1
BENODIGD	1
STRIJD	1
TUINKAMER	1
LANDSHEER	1
OLIEBRON	1
LEEDWEZEN	1
NUTTELOOS	1
SCHALLEN	1
BH	1
REGRESSIE	1
HERDERLIJK	1
VOLLEYBAL	1
OUWE	1
INTUSSEN	1
KOF	1
ALIBI	1
MIJTER	1
VITALISME	1
EETBUI	1
KOTS	1
SASHIMI	1
WIJ	1
MEELIJ	1
LEK	1
TERECHT	1
NOVA	1
SLAGWERK	1
BLOEDHEET	1
OPKRUIPEN	1
BIOMETRIE	1
GAAL	1
PUS	1
AMOEBE	1
OMKLAPPEN	1
SAGE	1
GEZET	1
TERUG	1
GOUWE	1
UITSLAG	1
PARAPLU	1
NEGENDE	1
PIANO	1
PIKKEN	1
JU	1
BLAUWTJE	1
FLOSDRAAD	1
THEELEPEL	1
TAALKUNST	1
GOUDBRUIN	1
AANVATTEN	1
KAPITEIN	1
STATIG	1
RAMPPLEK	1
DAK	1
DODE	1
KAPOT	1
KERS	1
RAPTE	1
MOT	1
KERN	1
RUIM	1
VRIJER	1
STRESSBAL	1
OCCUPATIE	1
ONGEDEELD	1
CHIPOLATA	1
MANGO	1
POM	1
ASLA	1
WIL	1
KOGEL	1
IJSVRIJ	1
ENIG	1
VIER	1
JAN	1
REGENPAK	1
AFKOOKSEL	1
IMAGE	1
ORATIE	1
STAFLID	1
KAAS	1
KANTOOR	1
OXER	1
PRODUCT	1
SPOG	1
RONDEEL	1
LAKS	1
PAAP	1
HESP	1
LANGJARIG	1
BEROERING	1
CORGI	1
TRAS	1
GUTS	1
UFO	1
AHOI	1
GARF	1
SHIT	1
VIEL	1
TEDER	1
BOY	1
SCORE	1
SITU	1
CASH	1
HAP	1
APIN	1
BALIE	1
REGELBAAR	1
TROEBELEN	1
MEEWERKEN	1
ARBORETUM	1
INLEG	1
KEEN	1
PIZZA	1
UPPER	1
OS	1
HES	1
STOPWOORD	1
HERLEZEN	1
STERKE	1
BROKAAT	1
NEL	1
BELENEN	1
ONTSLAG	1
WE	1
SPAAK	1
LARIE	1
TIJGER	1
AU	1
EITJE	1
SMAAD	1
LUST	1
NIHIL	1
PRESIDENT	1
OKRA	1
KNAP	1
RAM	1
LORD	1
TURKEN	1
NATUUR	1
SLEPEN	1
ELFTAL	1
SATANISME	1
BLEI	1
KOU	1
TOET	1
PLATBODEM	1
STAPELGEK	1
PAREN	1
OPEEN	1
KAF	1
LUMINEUS	1
PROEFWERK	1
ALLA	1
MANDAAT	1
BAR	1
LINKERARM	1
BEDOELING	1
SNUL	1
NUNTIUS	1
ALLANG	1
SCHORSING	1
STOOTBLOK	1
TREMULANT	1
GOUDDRAAD	1
RESOLUTIE	1
HOON	1
WEGDEK	1
KIK	1
STUW	1
KEK	1
BLOKKER	1
HAF	1
DEKSEL	1
OPTELLING	1
TARANTULA	1
WRONG	1
KOETSWERK	1
KIESTOON	1
UK	1
BEJAGEN	1
NAGAAN	1
ROOFMOORD	1
REKENFOUT	1
SLAVIN	1
ALLEGRO	1
MASKERADE	1
PROEF	1
HAREM	1
LEGIO	1
GEZAG	1
GRONDSTOF	1
ZEKERING	1
GAAF	1
AURA	1
APART	1
STOKBROOD	1
PAKJE	1
DOORDUWEN	1
PROTECTIE	1
PAND	1
BLIND	1
KNOL	1
LIAAN	1
BEDE	1
TORI	1
BIES	1
TABLEAU	1
FONKELING	1
UITLOOP	1
TORMENT	1
ONTDOEN	1
LOODRECHT	1
NETBEHEER	1
NOLLEN	1
UITROLLEN	1
VEILEN	1
ROFFELEN	1
HULS	1
TAFELPOOT	1
BEZET	1
WOONSTEDE	1
DRAINEREN	1
OENOLOGIE	1
SMIDSE	1
DOCH	1
DOORSTART	1
AANZITTEN	1
KUT	1
STREK	1
VLOT	1
ACRE	1
RAAM	1
STREEP	1
BLAK	1
AVAL	1
MIJL	1
INTENDANT	1
RIJK	1
ONBEKEND	1
PIL	1
OPKNAPPEN	1
NEON	1
DELER	1
BAGATELLE	1
TEER	1
KETENEN	1
GELD	1
JEGENS	1
LARGO	1
EMAIL	1
EXAMEN	1
STEENEIK	1
VERKEER	1
ESCORT	1
EENJARIG	1
BOSKANT	1
EXTERNE	1
AKELA	1
BARK	1
GANG	1
LAAIEN	1
WET	1
PLAKSEL	1
KNEU	1
BODE	1
APOCALYPS	1
NOGAL	1
KROKODIL	1
ACT	1
KETEN	1
GUANO	1
LOET	1
RAKE	1
ALLO	1
BAD	1
ZON	1
SLOTRIT	1
BETREUREN	1
TUREN	1
AGAPE	1
TIENS	1
PENETRANT	1
NEER	1
INTERFACE	1
PEDO	1
EVENEENS	1
SPEER	1
CFK	1
CROSSEN	1
PAP	1
SIEF	1
GEVEN	1
SLOT	1
THEMA	1
VAST	1
FOEI	1
DIS	1
KOGELROND	1
STOND	1
GARANTIE	1
KAAI	1
KROPSLA	1
GARD	1
TEMPURA	1
CONTENT	1
MARINE	1
DREK	1
WIJL	1
EERVOL	1
AANVANG	1
MATIG	1
PLONS	1
HOOKED	1
HOOGZOMER	1
EREMETAAL	1
LOOPPLANK	1
KERSTSTAL	1
NAVIGATOR	1
HOESLAKEN	1
TOL	1
GAMMA	1
MEREL	1
BRIJ	1
GREEN	1
CLARK	1
TREE	1
WITZ	1
EPOS	1
PENNENZAK	1
BENIJDEN	1
ZAT	1
BANKWEZEN	1
TWISTEN	1
TIL	1
OORD	1
SERPENT	1
TOESTEL	1
CLOU	1
GFT	1
PAGINA	1
RIJST	1
AMBETANT	1
BOSGEBIED	1
OLIERAMP	1
BLOEDTEST	1
EXTERIEUR	1
ONDERDAK	1
RONDJE	1
GAAN	1
AARDEN	1
ZODAT	1
HUNKERING	1
TIC	1
HETERDAAD	1
WAAROM	1
NACHTWAKE	1
EINDSTAND	1
VAAR	1
INGESTORT	1
GEKNETTER	1
TWIJG	1
VERHAAL	1
ALLOOI	1
NET	1
LANCERING	1
WEG	1
ONBEWUSTE	1
LAAS	1
INCOGNITO	1
ZULLEN	1
LACHEN	1
GEKEND	1
PROVE	1
POEZELIG	1
PANDA	1
PIP	1
TANK	1
SLUM	1
BUG	1
LOUTER	1
BOWLEN	1
TEHUIS	1
REGIMENT	1
SPEELTJE	1
STATUS	1
JOCH	1
DRUKTE	1
MOUW	1
ELDERS	1
WURM	1
OPTICIEN	1
WOENSDAG	1
SEPIA	1
SLAP	1
TURBO	1
TANDEM	1
LOPER	1
ARAK	1
RUSTPUNT	1
JUFFROUW	1
PITCHEN	1
FILM	1
DRUK	1
ROND	1
WETEN	1
WELK	1
KEUR	1
PITA	1
EIND	1
KONT	1
IDIOOT	1
MAKEN	1
ROOM	1
DONK	1
TELEFOON	1
CAVA	1
ONEVEN	1
PEUR	1
AFKEER	1
FLOW	1
TRIO	1
RAMP	1
ZIONISME	1
GEWOONTE	1
VZW	1
GELEGEN	1
GOOI	1
LEEGLOOP	1
SITE	1
WOL	1
GEWORDEN	1
BERG	1
TUL	1
LIJST	1
OMEGA	1
VERRAST	1
VOLGEN	1
BEZWAREN	1
RENTREE	1
DRIVE	1
CRACK	1
HAVIK	1
AALT	1
KUIP	1
BRAS	1
OVERHEID	1
MELTDOWN	1
AKKOORD	1
MISBRUIK	1
GAME	1
SKIN	1
GOOR	1
DESIGNER	1
OOFT	1
DON	1
HET	1
ZEG	1
DIP	1
ZAAK	1
PISTE	1
SPUI	1
GROG	1
REGEL	1
CHICK	1
PANORAMA	1
LEESVOER	1
TRUCK	1
PEDA	1
AARDE	1
SLIJM	1
SLIJK	1
MOLM	1
ROEM	1
ALPINE	1
PAAL	1
TOTEM	1
MOET	1
METAFOOR	1
GENERAAL	1
OOGMERK	1
FILMSET	1
MUF	1
WANG	1
BOM	1
BLADGOUD	1
AFRO	1
MATELOOS	1
NEERSLAG	1
KOPIE	1
MEEKOMEN	1
ZONDAG	1
FORMATIE	1
ELDORADO	1
SNOTNEUS	1
SPIJBELEN	1
FIJN	1
RAT	1
WC	1
BROER	1
REMAKE	1
CONCERT	1
INHAM	1
LIEVE	1
VISMARKT	1
TRAINING	1
INHEEMSE	1
FAUN	1
IMITATIE	1
GITARIST	1
INLASSEN	1
PROMILLE	1
KANON	1
REDE	1
ENIGMA	1
MEGA	1
KENNIS	1
PELLEN	1
ANTENNE	1
BOBO	1
PRESTO	1
DANSEN	1
KALI	1
PEN	1
VENDETTA	1
RESETTEN	1
KROKET	1
VERLATEN	1
BIK	1
ANTE	1
STUT	1
AANNEMEN	1
ETSEN	1
LIJF	1
DOMINANT	1
TOOM	1
KRIJGSMAN	1
HEKSEN	1
SLECHTEN	1
HOMMEL	1
IJSCO	1
BROS	1
COMMANDO	1
TOLERANT	1
NEGATIEF	1
ONWIJS	1
UI	1
SWING	1
EREN	1
ELAN	1
UNIE	1
PUL	1
TRIBUNE	1
PETS	1
ASIEL	1
DATA	1
ICON	1
EROS	1
ARBEIDER	1
FLEECE	1
BLES	1
TIER	1
HOT	1
BETER	1
AANMEREN	1
FATS	1
OVERMOED	1
OORBEL	1
NUK	1
OPINIE	1
KOUS	1
RAKKER	1
GRAM	1
BOF	1
DOODZIEK	1
HELE	1
SPARREN	1
CONSTANT	1
TOERNOOI	1
APPELSAP	1
INTERCOM	1
TOPPEN	1
MIDI	1
MAAN	1
EERST	1
BRUID	1
YEN	1
PEDAAL	1
ARK	1
NABIJ	1
FLAUW	1
BARCODE	1
LAPDANCE	1
OPSTEKEN	1
LOOS	1
DIESEL	1
SLUIER	1
PIJ	1
TINT	1
KEER	1
NAUW	1
BOX	1
TOP	1
PLOTS	1
DIEF	1
GIRO	1
OVERGANG	1
TOOT	1
LECTOR	1
TACO	1
SPLINTER	1
VONT	1
ARENA	1
EFFEN	1
BOUWVAL	1
RASTA	1
HUT	1
HALEN	1
THEATER	1
JOKER	1
UITDELEN	1
UITLOPEN	1
SAAI	1
DRIL	1
MI	1
YAM	1
OPROLLEN	1
PREMIE	1
STEK	1
OP	1
PESTEN	1
MEP	1
MIS	1
STEKEN	1
EENS	1
VAAN	1
DELTA	1
KELEN	1
SPAM	1
ALDUS	1
LADER	1
EINDE	1
SPEEN	1
STOEL	1
LALA	1
KINDERDORP	1
ATTENDEREN	1
GESEL	1
TEAMGENOOT	1
KRAAGSTEEN	1
DRONK	1
ADER	1
EGEL	1
OKER	1
KAP	1
MOEDERVLEK	1
TAUTOLOGIE	1
CANTO	1
DISTRICT	1
MODE	1
DUREN	1
MOND	1
TEGENSTAND	1
RONDTE	1
SATER	1
DOOR	1
MOTS	1
ME	1
KOELTAS	1
THEE	1
JAT	1
HEEMST	1
UD	1
ENTING	1
MAF	1
POF	1
HEN	1
WALS	1
SADO	1
KAR	1
PERTINENT	1
HOUTACHTIG	1
ANDERS	1
GEBEL	1
ARABISTIEK	1
OGEN	1
RAAI	1
BASE	1
DAME	1
PLUS	1
BRUG	1
BROES	1
ODEUR	1
NESTEI	1
FOERAGEREN	1
WOW	1
WIEROOK	1
RAMBO	1
VRIJDAG	1
EMMER	1
GANDER	1
ABDIJ	1
SAJET	1
WEGGAAN	1
LASER	1
KID	1
PUK	1
KRAAL	1
TUTTI	1
DOORMAKEN	1
AKKEFIETJE	1
ACHTERNEEF	1
KLAK	1
AMANDEL	1
KWEBBELEN	1
MAKE	1
SPEET	1
TONG	1
KROM	1
LIFLAF	1
FORMAT	1
EINDEN	1
TIJDSTRAF	1
GGZ	1
BEIDE	1
PUZZELSTUK	1
RUNE	1
AANHEF	1
ROLLER	1
DIERGAARDE	1
MENEN	1
TULE	1
HANDAFDRUK	1
BLOS	1
VACEREN	1
JUUT	1
HOTEL	1
TRED	1
VLAG	1
LUID	1
VOL	1
EZEL	1
APPEL	1
BLIJ	1
MOORDENAAR	1
MULTICULTI	1
INGELUKKIG	1
LAST	1
VISSERIJ	1
RUIG	1
HINDE	1
TAAI	1
ECHEC	1
RIJF	1
AANBLIK	1
BRIEFING	1
WERKVORM	1
FENIKS	1
WAF	1
PLANE	1
EPPE	1
KOORTS	1
TERRAS	1
IMAM	1
RATO	1
RIJ	1
CITO	1
THESE	1
AGGER	1
INERT	1
FLUOR	1
ACCUSATIEF	1
BEWAARDER	1
SOCRATISCH	1
HARINGHAAI	1
TWEE	1
EUROTOP	1
LAATKOERS	1
MASTERTAPE	1
KERK	1
SCHATKAMER	1
MEESTERZET	1
SEKS	1
SOFT	1
EMIR	1
DORP	1
LIJS	1
SOEP	1
RVS	1
TWIJFEL	1
KOPSCHUW	1
GEBRUL	1
JANOOM	1
ZOOTJE	1
KRAT	1
MEKKA	1
GOJ	1
PERS	1
KEKER	1
AKST	1
PAPLAM	1
WATERSCHAP	1
PERSBUREAU	1
DIJ	1
MEEBIEDEN	1
TOORTS	1
PIJL	1
MAGIE	1
OPSCHIETEN	1
GEKISSEBIS	1
LEISEL	1
WISSE	1
ARIA	1
SEKT	1
HOMMAGE	1
INSTINKER	1
HIJS	1
SNOL	1
MOOT	1
INKT	1
IC	1
GIN	1
ADONIS	1
KOUT	1
SWAP	1
ZO	1
OPWERPEN	1
SPINHUIS	1
ROBE	1
BOEM	1
OZON	1
PACT	1
OPPER	1
CHAUFFEREN	1
LICHTKRANT	1
OOSTGEVEL	1
COL	1
SOFA	1
ISOTOOP	1
AFZEPEN	1
FUT	1
ENTEN	1
ZULKE	1
KWART	1
AFTERBEAT	1
TOETREDEN	1
HOLEN	1
BUS	1
FAN	1
EYEOPENER	1
OVERDRIJVEN	1
ADDITIEF	1
VERTRAPPEN	1
LABEL	1
REVERSIBEL	1
RENDEREN	1
RAWLPLUG	1
VATTEN	1
ORDE	1
STIK	1
NAASTE	1
PAS	1
LIPIDE	1
JOOL	1
NASLUIPEN	1
STATTEN	1
GEREI	1
IJS	1
DRAW	1
LUCHTKOKER	1
BOMER	1
EXIL	1
UIER	1
FOK	1
ONMENS	1
HOEF	1
NOGA	1
JOB	1
KELK	1
LAMP	1
KUIF	1
ROEP	1
BORDES	1
LEAO	1
BIL	1
KUUB	1
BEER	1
MULO	1
FAKE	1
CHAPE	1
SCHOOLBORD	1
NABUUR	1
INSTANT	1
BASIS	1
VOD	1
VERTEUTEN	1
DESTRUCTOR	1
RAGDUN	1
MKB	1
PAPPA	1
MANAGEMENT	1
KRACHTBRON	1
APIS	1
ECRU	1
VOF	1
APENSPEL	1
VALPIJP	1
OPEN	1
OVAAL	1
FOTO	1
SLEURHUT	1
INZETTEN	1
SLOTNOOT	1
LAARS	1
KOM	1
EN	1
RABAUW	1
HIGH	1
BOMEN	1
RIMRAM	1
KWELEN	1
ALLEMAAL	1
PROBEREN	1
ONBEDEKT	1
STAALPIL	1
SMEER	1
ASEMEN	1
PERRON	1
OPSLAG	1
TIK	1
ERVE	1
ECG	1
MESTVEE	1
KATHEDRAAL	1
EENDENKOOI	1
OBSTIPATIE	1
KERKGEBOUW	1
DOKA	1
OUTDOOR	1
REIN	1
ADVIES	1
TIPPEN	1
FADE	1
AMAI	1
LADING	1
MIDDELBAAR	1
NOODGEBOUW	1
MEN	1
DATE	1
MIMOSA	1
DO	1
ZOZEER	1
NAAM	1
DRUG	1
GELUL	1
OOIT	1
HER	1
GEHARREWAR	1
GARANDEREN	1
ZOETIGHEID	1
LEKKER	1
ERECODE	1
CASSIS	1
BORREL	1
CENOBIET	1
BEVESTIGEN	1
AANKLOPPEN	1
STUUR	1
SOLO	1
ROOD	1
LOOD	1
DIENS	1
ONTROEREND	1
PESSIMISME	1
NACHTKAARS	1
