WEIGEREN	Afwijzen	Niet willen	Afslaan
CULTUREEL	Beschaafd	Artistiek
PROCEDURE	Werkwijze	Protocol	Aanpak
STANDPUNT	Mening	Visie	Oordeel
PLOTSELING	Ineens	Opeens	Abrupt
WAARDERING	Erkenning	Respect	Lof
BASISSCHOOL	Lagere school	School
COMMERCIEEL	Zakelijk	Op winst
VERPLAATSEN	Verhuizen	Verzetten	Vervoeren
ARCHITECTUUR	Bouwstijl	Bouwkunst
COMMUNICEREN	Praten	Contact leggen	Berichten
NIEUWSGIERIG	Speurend	Vragend
MAAGD	Ongerept	Virgo	Kuis
BAKKER	Maakt brood	Beroep
PLEGEN	Begaan	Uitvoeren	Doen
GEDICHT	Vers	Rijmwerk
STABIEL	Vast	Bestendig	Stevig
TRAJECT	Route	Afstand	Parcours
AANGEVEN	Aanreiken	Tonen	Wijzen
DOELPUNT	Treffer	Goal	Score
OVERGANG	Transitie	Wissel	Menopauze
UITMAKEN	Vormen	Bepalen	Verbreken
VOORJAAR	Lente	Bloeitijd
WISSELEN	Ruilen	Omruilen	Vervangen
BRANDSTOF	Benzine	Stookolie	Kolen
ORIGINEEL	Echt	Uniek	Creatief
WANDELING	Tochtje	Ommetje	Uitstapje
VERRASSEND	Frappant	Spannend
BEGELEIDING	Toezicht	Coaching	Hulp
UITNODIGING	Invitatie	Verzoek
VOORBEREIDEN	Plannen	Regelen
CHILI	Pepertje	Land in ZA
DROGE	Dorre	Verdorde
HETEN	Noemen	Bevelen
FYSIEK	Lijfelijk	Corporeel
IDIOOT	Dwaas	Gek	Sukkel
KEIZER	Vorst	Heerser	Monarch
REVIEW	Recensie	Kritiek
DAGBLAD	Krant	Courant
INTERIM	Tijdelijk	Voorlopig
STREVEN	Trachten	Pogen	Ambiëren
TRAPPEN	Schoppen	Fietsen
DOCUMENT	Geschrift	Akte	Papier
FAVORIET	Lieveling	Geliefd	Populair
ONGEACHT	Ondanks	Los van
OPHOUDEN	Stoppen	Eindigen	Vertragen
SCHATTIG	Snoezig	Lief	Poeslief
TOEGEVEN	Erkennen	Bekennen	Instemmen
AMBULANCE	Noodwagen	Vervoert zieken
BESLISSEN	Bepalen	Kiezen	Oordelen
BEZETTING	Inname	Personeel	Cast
CHOCOLADE	Reep	Snoep	Lekkernij
ABONNEMENT	Contract	Regeling
VERMINDEREN	Afnemen	Dalen	Reduceren
VOORUITGANG	Vordering	Groei
PIZZA	Gerecht	Italiaans
POWER	Kracht	Energie	Macht
DUIKEN	Afdalen	Snorkelen
KOPPEL	Paar	Tweetal	Duo
NADRUK	Accent	Klemtoon	Aandacht
SCOREN	Treffen	Winnen	Slagen
TUNNEL	Buis	Doorgang
WENNEN	Aanpassen	Aarden
AVONTUUR	Belevenis	Escapade
CREATIEF	Scheppend	Inventief
OPZETTEN	Beginnen	Oprichten
TOERISME	Reiswezen	Reizen
UITKOMEN	Blijken	Kloppen
ZILVEREN	Tweede plaats	Grijswit
VERBLIJVEN	Logeren	Wonen	Verkeren
VERWERKEN	Bewerken	Verteren
CAPACITEIT	Vermogen	Inhoud	Volume
ONTSPANNEN	Relaxen	Uitrusten
SMARTPHONE	Mobieltje	Gsm	Telefoon
TERUGKEREN	Retour gaan	Weerkeren
AANSLUITING	Contact	Koppeling	Connectie
DIVERSITEIT	Variatie	Verschil
ARBEIDSMARKT	Werkmarkt	Vacatures
SAMENGESTELD	Opgebouwd	Gemengd
TRADITIONEEL	Klassiek	Ouderwets
BLOEM	Sierplant	Meel	Plant
HEKEL	Afkeer	Weerzin
LABEL	Etiket	Merk	Kaartje
LITER	Volume	Inhoud
MATCH	Wedstrijd	Duel	Partij
SCHOT	Knal	Trap	Vooruitgang
TOCHT	Reis	Uitstapje	Wind
ZESDE	Telwoord	Na de vijfde
INZAKE	Aangaande	Wat betreft
LEUGEN	Bedrog	Verzinsel	Fabeltje
SENIOR	Oudere	Bejaarde	Veteraan
WASSEN	Reinigen	Boenen
AANDEEL	Portie	Effect	Belang
BOVENOP	Als extra	Erop
CORRECT	Juist	Foutloos	Precies
DRANKJE	Slokje	Medicijn	Borrel
MONSTER	Gedrocht	Staal	Beest
OVERDAG	Daags	Bij daglicht
PROTEST	Verzet	Bezwaar	Betoging
VERLOOP	Voortgang	Vertrek	Verval
ILLEGAAL	Onwettig	Verboden
KRACHTIG	Sterk	Stevig	Fors
WETTELIJK	Legaal	Officieel
ARCHITECT	Ontwerper	Bouwheer
BESTRIJDEN	Bevechten	Aanpakken	Verdelgen
KWETSBAAR	Teer	Broos	Gevoelig
OPSTELLEN	Schrijven	Formeren
REGISSEUR	Filmmaker	Cineast
SPECIFIEK	Bepaald	Precies	Eigen
SPEELGOED	Attribuut	Knuffel
VERKRIJGEN	Krijgen	Behalen	Verwerven
APPARATUUR	Machines	Hardware
BEVORDEREN	Promoten	Verhogen
ONSCHULDIG	Argeloos	Rein
REGISTRATIE	Opname	Boeking
BREIN	Verstand	Hersenen	Intellect
DIENS	Van hem	Bezitt vnw
GEMAK	Comfort	Rust
HATEN	Verfoeien	Verachten
PORNO	Erotiek	Seksfilm
VERRE	Afgelegen	Ver weg
LADING	Vracht	Cargo	Bagage
MOSKEE	Bedehuis	Huis van gebed
SECTIE	Afdeling	Onderdeel	Snede
AANZIEN	Bekijken	Prestige	Aanblik
GEWENST	Verlangd	Begeerd	Gewild
KLOPPEN	Tikken	Deugen
OVERVAL	Beroving	Aanval	Roof
SCHELEN	Uitmaken	Deren
SOCIETY	Beau monde	Chic	Elite
WOESTIJN	Wildernis	Sahara
ACHTERAF	Naderhand	Later
GEWIJZIGD	Veranderd	Aangepast	Herzien
NEERSLAG	Regen	Buien
RESEARCH	Onderzoek	Studie
CRIMINEEL	Misdadig	Boef
DOORGAANS	Meestal	Vaak
JURIDISCH	Wettelijk	Rechtens
OPPOSITIE	Verzet	Kritiek
BESTELLING	Order	Opdracht
CENTIMETER	Cm (afk.)	Maat
EMOTIONEEL	Gevoelig	Aangedaan
EXPERIMENT	Proef	Test	Poging
INSTRUMENT	Werktuig	Apparaat
OPRICHTING	Stichting	Start	Begin
RECHTSZAAK	Proces	Geschil
REFERENDUM	Stemming	Peiling
KLOTE	Rot	Beroerd
KOPIE	Afschrift	Duplicaat
BAKKEN	Braden	Zakken
FRAUDE	Bedrog	Zwendel
GEMEEN	Gluiperig	Laag	Vals
LIPPEN	Randen	Monddeel
SERVER	Computer	Gastheer
STEVIG	Fors	Stabiel	Robuust
STIJGEN	Klimmen	Toenemen	Rijzen
ZUSTER	Zus	Non
GERECHT	Maaltijd	Rechtbank	Schotel
HIERAAN	Aan dit	Daaraan
KETTING	Sieraad	Reeks
LICHTEN	Ophalen	Optillen	Bliksemen
PROEVEN	Smaken	Keuren
OPZOEKEN	Naslaan	Nakijken
VOLKOMEN	Helemaal	Totaal	Compleet
OPGEBOUWD	Ontstaan	Gevormd
VERBINDEN	Koppelen	Verenigen
VERWIJZING	Link	Citaat
WAARDEREN	Prijzen	Achten
VRACHTWAGEN	Truck	Camion
DELTA	Griekse letter	Monding
DRAAK	Fabeldier	Monster
FONDS	Kapitaal	Reserve	Stichting
KROON	Hoofdtooi	Diadeem
NADER	Grondiger	Preciezer
PIANO	Vleugel	Klavier
BALANS	Evenwicht	Overzicht
LETTER	Teken	Karakter
OBJECT	Voorwerp	Ding	Doelwit
AANVANG	Begin	Start
AMATEUR	Leek	Hobbyist
DODELIJK	Fataal	Moordend
UITGAAN	Stappen	Feesten
VOEDING	Maaltijd	Kost
ZODANIG	Aldus	Dusdanig
AANKOMST	Komst	Eindpunt
TEKENING	Schets	Ontwerp
AANVRAGEN	Verzoeken	Bestellen
ACHTERUIT	Terug	Retour
DEPRESSIE	Malaise	Inzinking
HOOFDSTUK	Paragraaf	Deel	Episode
VERZINNEN	Bedenken	Fabuleren
BENADERING	Aanpak	Schatting	Visie
BESCHRIJVEN	Vertellen	Schetsen
FOUNDATION	Make-up	Grondlaag
MOORDENAAR	Killer	Beul
ONDUIDELIJK	Vaag	Wazig	Onhelder
OVERDREVEN	Extreem	Te veel
VERDRIETIG	Bedroefd	Treurig	Somber
ALSTUBLIEFT	Aub (afk.)	Beleefd woord
ONGELOFELIJK	Bizar	Absurd
SCHITTEREND	Prachtig	Magnifiek
CREATIVITEIT	Fantasie	Kunstzin
ARENA	Stadion	Circus
BENDE	Groep	Maffia	Kliek
MEENT	Weiland	Grasveld
WRAAK	Revanche	Vendetta
GEVULD	Vol	Belegd
GLAZEN	Van glas	Bekers
LENING	Krediet	Voorschot	Hypotheek
LEZING	Praatje	College
MOBILE	Hangwerk	Kunstwerk
SPAREN	Oppotten	Bewaren
STAART	Vlecht	Kwispel
SCHADUW	Duister	Silhouet
EINDIGEN	Stoppen	Aflopen	Ophouden
HUISWERK	Opgave	Taak
NOODZAAK	Vereiste	Must
ENIGSZINS	Ietwat	Een beetje
OVERKOMEN	Gebeuren	Indruk maken
OVERNEMEN	Kopen	Aflossen	Kapen
WEERSTAND	Verzet	Resistor
HALVERWEGE	Middenin	Op de helft
BEVESTIGING	Erkenning	Attest
GOEDKEURING	Fiat	Akkoord
LOSSE	Vrije	Apart
STEEG	Straatje	Gang
TOETS	Proefwerk	Test	Knop
DETAIL	Onderdeel	Nuance
GEREED	Klaar	Voltooid
HEFTIG	Hevig	Intens
BATTERIJ	Accu	Cel
BEHALEN	Winnen	Bereiken
BELEVEN	Meemaken	Ervaren
DEGELIJK	Solide	Stevig
HORLOGE	Uurwerk	Klokje
OPRECHT	Eerlijk	Puur
BESEFFEN	Doorzien	Inzien	Snappen
INDELING	Ordening	Verdeling
KWARTIER	Onderdak	Wijk	Pauze
PROMOTEN	Reclame maken	Pushen
SCHEIDEN	Splitsen	Ontbinden
PRAKTISCH	Handig	Bruikbaar
AUTORITEIT	Gezag	Macht
CONFERENTIE	Congres	Symposium
WAARSCHUWEN	Alarmeren	Melden
ENTHOUSIASME	Vuur	Bezieling
INDEX	Register	Lijst
KEREL	Vent	Man	Bink
LELIJK	Onooglijk	Onknap
NICHT	Dochter zus	Dochter broer
ORDER	Bevel	Commando	Opdracht
STRAK	Nauw	Gespannen	Strikt
CIRKEL	Kring	Rondte
FACTOR	Element	Oorzaak
HORECA	Eetsector	Cafewezen
SNIJDEN	Kappen	Castreren	Hakken
ZEILEN	Varen	Cruisen
STIEKEM	Heimelijk	Steels
AANGIFTE	Melding	Klacht
LICENTIE	Verlof	Diploma
SLUITING	Slot	Einde
VERZORGD	Netjes	Keurig
WALGELIJK	Vies	Smerig
MOTIVATIE	Drijfveer	Reden
ONTKENNEN	Loochenen	Afwijzen
BESCHEIDEN	Nederig	Ingetogen
GARANDEREN	Beloven	Instaan voor
HOGESCHOOL	HBO (afk.)	School
MANCHESTER	Stof	Corduroy
DEMONSTRATIE	Betoging	Optocht
BIJEEN	Tezamen	Verzameld
ELLEN	Oude maten	Stofmaten
HITTE	Warmte	Gloed
JAGEN	Achterna zitten	Vervolgen
LEZER	Abonnee	Kijker
SPITS	Piekuur	Aanvaller	Puntig
ALLANG	Reeds lang	Sinds lang
RAPPER	Emcee	Muzikant
SPRONG	Salto	Duik
STELEN	Jatten	Roven	Ontvreemden
WEBCAM	Camera	PC-camera
SPOEDIG	Weldra	Gauw
WIJSHEID	Inzicht	Verstand
ZITTING	Sessie	Stoelvlak
BLADEREN	Doorlopen	Doornemen
DATABASE	Bestand	Archief
FEITELIJK	Eigenlijk	Werkelijk
HISTORIE	Verleden	Verhaal
OPRUIMEN	Wegwerken	Ordenen
VOLTOOID	Afgerond	Klaar	Compleet
HARTSTIKKE	Erg	Zeer
LEIDERSCHAP	Gezag	Bestuur
SCHOONMAKEN	Reinigen	Poetsen
PROFESSIONAL	Vakman	Kenner	Expert
BELEG	Smeersel	Blokkade
HOBBY	Passie	Bezigheid
PLOTS	Ineens	Opeens
TRACK	Nummer	Spoor	Baan
GRIJPEN	Pakken	Vatten
IDEAAL	Perfect	Optimaal
